"Nji amanet jam tue ta lanë","gegë"
"Si premtue kisht' perendija,prap zojë m' vedi duel Shqypnija","gegë"
"S’mrrijtên të shlyejnë shpirtin at ta asgjasojnë Kombin shqiptàr.","gegë"
"Dy motrat shikuan njëra-tjetrën pa folur.","toskë"
"Si i mban gjunjët dhe si vështron.","toskë"
"Ndoshta më është dukur. Po atje s'është si këtu.","toskë"
"Këtu janë telefonat e të njohurve që kam, sipas emrave.","toskë"
"Një grusht zarfesh e fletësh shkruar në gjuhë të huaja.","toskë"
"A thue shof un kurr me sý,se Shqyptarët do t'bijn m' nji fjalë","gegë"
"Sidoqoftë, kurrë s'pranoj që respekti ndaj letërsisë dhe popullit tim është njështë një
paragjykim.","toskë"
"Stela deshi të ndalte diçka, por kjo diçka ishte bërë dhe ajo s'mund të ndalte","toskë"
"asgjë.","toskë"
"Ajo fliste me ca idera që i thernin si thika të ftohta","toskë"
"pleqtë e shkretë.","toskë"
"Dukej kaq e bukur, kaq krenare dhe njëkohësisht aq e trishtuar.","toskë"
"Stela nguli sytë mbi ato emra të shkruara pa kujdes dhe seç ndjeu në zemër.","toskë"
"Edhè n' lajm qi çpon Alija,Trup në kamë çohet Shqypnija","gegë"
"Lahuta âsht epopeja e nji popullit","gegë"
"kurrkujë n' këto troje t' veta mos me i bà kurr tungjatjeta","gegë"
"Nisë Shqyptarët kanë me u mendue Shqypninë me e skapullue","gegë"
"  një fletë e vogël dhe sa jetë e madhe.","toskë"
"Ishte një ditar në shkruar në gjuhë të huaj.","toskë"
"i shikoi me rradhë, duke ndjerë në shpirt një dhembje të fshehtë.","toskë"
"Ah, ky më telefononte gjithmonë në mesnatë. Më zgjonte nga gjumi.","toskë"
"Të dyja motrat u vështruan prapë sy ndër sy.","toskë"
"Ajo deshi të pyeste pikërisht këtë, por s'mundi as ta mendonte, bile, kaq zhveshur.","toskë"
" në çast iu duk sikur një aparat magjik ia largoi dhe ia veshi me mjegull motrën e saj.","toskë"
"Ti nuk më do më? Fol, ti s'më do më?","toskë"
"Kishte keqardhje, trishtim apo zili në sytë e së motrës?","toskë"
"Ato të dyja nuk deshën të hynin në këtë qetësi. Dy të tjerë seç bisedonin.","toskë"
"-Ore, të mbushet koka ty, ne jemi njerëz të shekullit njëzet, shekullit atomik,","toskë"
"pushtojmë hënën, rrëzojmë yjet, ne duhet ta shtypim moralin e vjetër.","toskë"
"Kta mâ t’ parët jânë n’ fushë t’ mejdanit, Kta mâ të rrebët janë n’ballë t’dushmanit","gegë"
"Sa ia kishte turbulluar","toskë"
"përfytyrimin këto net kjo studente e ardhur nga vise të largëta, për të cilat digjej zemra e tij.","toskë"
"Ata menjëherë zbuluan te njëri-tjetri patosin që i bashkonte","gegë"
"E as tu' e lanë, jo, dritë me pà: Kurr të keqen pa ia dà","toskë"
"Ajo se si i dukej sonte, e rritur, serioze dhe e menduar.","toskë"
"Edhe ta vështronte, tani ajo nuk do t'i hiqte më sytë, veç ta shikonte.","toskë"
"Megjithatë, asaj nuk i interesonte kjo punë.","toskë"
"Atë mbrëmje kjo u bë shkak për grindje familjare.","toskë"
"nuk deshi t'u lëshonte udhë prindërve në asnjë mënyrë.","toskë"
"Mundohej të flinte, por s'mundte. I dukej sikur në tru i shtypej një turmë mendimesh.","gegë"
"që përpiqeshin të dilnin si nga një portë e ngushtë,","gegë"
"tue e shndërrue në barut e Shqypninë, tue e bâ xhebehane, duel në veti","gegë"
"Ju qi n’vorre t’vetmueme keq flêni e nuk pushoni","gegë"
"O Zot, sa shumë mendime, dhe sa të palidhura dhe ç'budallallëqe!","toskë"
"Ca fiksime pa kuptim i nguleshin si gozhdë dhe s'i shqiteshin.","toskë"
"Ndonjë gjysmë vargu dy nota të një melodie, fraza pa lidhje.","gegë"
"Fëtyra e tij porsi duhia,Syni i tij, tanë zjarm e shkëndija","gegë"
"Ai e kalonte rrëshqitazi këtë mendim në tru, dhe e dëbonte i turbulluar.","toskë"
"Asnjë nga studentët e Universitetit nuk do të kishte punuar kurrë me kaq ndërgjegje.
","toskë"
"Nuk e kuptoj qëndrimin tuaj, unë s'ju kam bërë asgjë të keqe","toskë"
"apo ndoshta ju kam ofenduar pa dashur? Përgjigjuni së paku.","gegë"
" Ishte hera e parë sonte që do të dëfrente pak në mbrëmje.","toskë"
"e shikonte me një vështrim të çiltër, sikur i përmendte çdo minutë","toskë"
"e di, or mik vëllai ç'ke pësuar, kot ma mban atë kravatë të lidhur bukur e ata sy m'i përdredh aq rreptë, unë t'i di sekretet,","toskë"
"-Të di përse jam fajtor, në qoftë se jam.","toskë"
"plot vrumulisje n’eshtna rrini tue bluem idhnimin","gegë"
"U rrzuet tue rrokun armën dhe rrzue me jue fisi","gegë"
"S'dua të përsëritet një gabim, një çast dobësie.","toskë"
"Dhe ju lutem, mos më thirrni më për të vallëzuar.","toskë"
"Dreqi ta marrë, asgjë s'kuptoj, tha me vete dhe u shti në turmë të kërkonte","toskë"
"Po a s'ta mbushë synin Shqipnia,Me ato male të madhnueshme","toskë"
"Më në fund, pas tri ditë grindjesh, ku u përpoqën si në duel filozofira,
botëkuptime, perceptime të botës, moralë të vjetër e të rinj,","toskë"
"Tri dit rresht edh' e àsht mendue;Mbasandej ai fjalë ka çue","gegë"
"Mos me mujtë m'e shkapërcye,Për pa là 'i dukat për krye","gegë"
"Erdhi, më në fund, ajo mbasdite e dëshiruar, kur u mblodhën në dhomën e Gjonit për të biseduar konkretisht për punën do të bënin.","toskë"
"Se s’donin të kuptonin ç’bëhej këtu brenda","toskë"
"Për me pështue do rob e gjà,Pse edhe buka asht tue na lànë","gegë"
"Mbrendë tue vjedhë e tue plaçkitë,Tue grabitë e tue robitë","gegë"
"Krijojmë një dokument, ku të vërtetohet teza e kryetarit të Akademisë së Shkencave,se toskërishtja është shkruar përpara gegërishtes.","toskë"
"Me këtë rast dokumenti do të ketë vlerë më të madhe, sepse pohon tezën e kryetari","toskë"
"dhe jeta na mëson që me të mëdhenjtë duhet ta kemi gjithmonë mirë.","gegë"
"-Më mirë ta bëjmë vetë. Ç'na duhet të fusim hundët tek të tjerët. Po sikur të gjendet pastaj letra e murgut?","toskë"
"E dyta, duhej rindërtuar me kujdes gjuha e vjetër e tekstit në bazë të lidhjeve të gramatikës","toskë"
"Kjo është mënyra e vetme e mundshme që,një ditë, t’i eliminojmë gjithë ndasitë në","toskë"
"U ngrita menjehere me kembe, a thua se me kishte pershkuar rrufeja.","toskë"
"Të tyret zjarre ndrisnin dhe qeshnin që përtej.","toskë"
"Se s’donin të kuptonin ç’bëhej këtu brenda","gegë"
"veshë emathë e m’armë shterngue – thue se krushq po duen me shkue","gegë"
"Se s’bëhej ndryshe, dot, se s’bëhej ndryshe, eh,","toskë"
"Të frikshme pamje ndritnin e dridheshin përqark","toskë"
"Të tjerë majë kodrash ku dielli kishte rënë","toskë"
"Qysh se s' léka mbrendë nji djalë,N' at Vranine mue sod me m' dalë","gegë"
"Por mue djalë nuk m' ká qillue;E n' Shqypní nji djalë drangue","gegë"
"Ndaj si shtegtari murg, që shkarpat mblesh në terr,","toskë"
"Unë hidhja n’atë zjarr gjymtyrët pa pushim.","toskë"
"Të pa fund, janë lanë mʼnjanʼ ânë E askush nʼgojë ma sʼdon me i xânë","gegë"
"E qi sod në Shqiptarí Besa ka nji tʼmadhe zí","gegë"
"Me ketë kangë, e se mâ gjásë Sod për mue do tʼkishte pásë","gegë"
"domethënë shkrimi i tekstit me ngjyrë speciale dhe një nga punët më të vështira.","toskë"
"Ditën që do ta vrisnin, e ëma, kur e pa të veshur në të bardha,pandehu se mos kishte ngatërruar datën.","toskë"
"Kishte parë ëndërr sikur ecte nëpër një pyllishte me fiq të mëdhenj,","toskë"
"Vdekja e të atit e kishte detyruar të linte studimet në vitin e fundit","toskë"
"Gjer më atëherë asnjeri nuk e pat ditur se kush ishte.","toskë"
"E shkuara e tij njihej vetëm duke filluar prej asaj mbrëmjeje kur pat zbritur nga anija i veshursi artist,","toskë"
"Por i urti kurr nuk ngutet,Prej burrnís e jo prej tutet","gegë"
"T'bâj qi t' kjajë e zeza nânë!T' bâj qi t'kjajë pa exhel tý nâna.","gegë"
"Gjëja e vetme që la të paprekur në sallon ishte shkalla spirale","toskë"
"Nga të parët s'ta mbushnin syrin, porse qenë burra me plot kuptimin e fjalës,","toskë"
"Një jetë e tërë s'do të mjaftojë për ta rrëfyer.","toskë"
"Dukej sikur qe lidhur nëpërmjet fijesh të fshehta me banorët e tjerë të fshatit,","toskë"
"Asnjëherë nuk u mor vesh mirë se si u njohën.","toskë"
"pat mbyllur sytë.","toskë"
"Por ajo pamje e përhumbur që kishte, si
dhe varfëria shpirtërore vinin duke u shtuar me kalimin e viteve.","toskë"
"Faleminderit për të gjitha, nënë,","toskë"
"Me na shá, n' shpotë me na vû. Njana tjeters t' i u levdue","gegë"
"Ajo pati kohë vetëm sa për të shqiptuar emrin.","toskë"
"Të dy qenë krejt të këputur e
të dërrmuar nga ai veprim barbar që u quakësh vrasje.","toskë"
"I njihte aq mirë sa qe në gjendje edhe t'i dallonte nga njëri-tjetri,","toskë"
"E dija ç'kishin ndër mend tëbënin,","toskë"
"qenë habitur aq shumë kur kishin dëgjuar përgjigjen e tij,","toskë"
"Nji pash brynat hânë ngerthye","gegë"
"Pastaj u kish dhënë të gjithëve një bekim episkopal,","toskë"
"shkonte për në port veshur me petkat e meshës,","toskë"
"nuk mund të ulte hundën e të pyeste ndokënd se nga duhej filluar.","toskë"
"Urdhri u zbatua menjëherë dhe shtëpia u krodh sërish në heshtje.","toskë"
"Gjer më atëherë askush nuk qe shqetësuar për gjendjen e trupit.","toskë"
"Bishtin héll mbi shpinë shtangue","gegë"
"Fytyra kishte mbetur e paprekur, me atë shprehje që kishte","toskë"
"Nga plagët e shumta, shtatë kishin qenë vdekjeprurëse.","toskë"
"njëri në hapësirën e dytë midis brinjëve të djathta, që kish arritur deri nëmushkëri,","toskë"
"dhe tjetri shumë pranë sqetullës së majtë.","toskë"
"duke vërejtur se vdekja qe shkaktuar nga një humbje e madhe gjaku","toskë"
"E ia shijnë paret përdhuni, Si nʼShqipni qi hecë kanuni","gegë"
"Asht bâ sod “aksidentale”.... Desha tʼthom “oksidentale”","gegë"
"U soll me mua si ngaherë, si me një kushëri të largët dhe iu gjegj","toskë"
"Le të largohemi nga ky nivel tepër i ulët","toskë"
"Mirë zotni, veç se po drue Se endè dita nuk ka ague","gegë"
"Na sʼpo kemi bukë me ngrânë, Jo me ngrefë Muzej nʼTiranë","gegë"
"Qeverija ktu asht dishmue: Sʼka prá ndryshej nʼshkollë me msue","gegë"
"Kështu ti vendos që shprehinë e re ta bësh para apo pas shprehisë aktuale.","toskë"
"Ajo çfarë më pëlqeu shumë është shumëllojshmëria e historive të njerëzve të ndryshëm në botë","toskë"
"Arritja e një qëllimi përbën vetëm një ndryshim të momentit.","toskë"
"Sjellia e saj qe e dyshimtë për faktin se nuk u duk aspak e habitur,","toskë"
"Ndaj që të mbahej gjallë ky zjarrth n’atë rrebesh","toskë"
"Diçka përherë kërkonte, kërkonte vazhdimisht.","toskë"
"Per me hikë e per me pshtue","gegë"
"E ti tash vjen ktû e na thue : Se n’ Shqypni nji djalë drangue","gegë"
"Dikush me ligësi e me padije dikush.","toskë"
"A zverdhe fusha, e nder grunore","toskë"
"Po velojne korrcat porsi zogj;","gegë"
"Kendojne katundcat me malcore","gegë"
"Pa u kujtue si dielli i dogj","gegë"
"Vec n'at are, porsi nji e tretun","gegë"
"Me nji rubë rreth ballit ardhë Qi mje m' vetlla m' i ká rá","gegë"
"Tjetra here tri vet e treta","toskë"
"Korrshe o bij me motra n'shend","gegë"
"Si vjet vetun tiu korr t'gjeta","gegë"
"Pa nji moter, pa gazmend","gegë"
"Per me u pà,me u njoftë me jue;Se zâ t'madh per jue kem'ndie","gegë"
"M' kâmbë ushtrija atbotë u çue","gegë"
"Ti po vjen që prej së largu magji-plotë e dal-ngadal.","toskë"
"Ti po vjen që prej së largu dyke shkitur mbi lendina.","toskë"
"Nënë thëmbërzat e tua përgëzohet trendelina,","toskë"
"Shtrihet luleja mitare e zembakut qe t’ u fal.","toskë"
"Ndaj që të mbahej gjallë ky zjarrth n’atë rrebesh","toskë"
"Diçka përherë kërkonte, kërkonte vazhdimisht.","toskë"
"Nji epopé ka shkrue tash sʼvonit, Nji epopé me kaq do krypë,","gegë"
"Prandej mue nuk mʼjitte tjetër, Veç me kndue ndoʼi fatos tʼvjetër","gegë"
"I lodhur nganjëherë kam thënë: shuhu pra,","toskë"
"Në qoftë se nuk të duan, të bjerë natë e pafund.","toskë"
"E si shkon me hap te matur, më pushton një dhëmshuri:","toskë"
"Do të tretem të kullohem në kalim të këmbes s’ ate,","toskë"
"T’ i pushtoi i llaftaruar ato hapëza mëkate","toskë"
"Ndaj kalon mbi tufë lulesh madhërisht si yll i ri.","toskë"
"Në natën plot acar një zjarr desha të ndez","toskë"
"Por, nata ish e ftohtë, ah, ç’tmerr i zi që ish,","toskë"
"Me nji rubë rreth ballit ardhë Qi mje m' vetlla m' i ká rá","gegë"
"Jetonte me nënën e saj, një","toskë"
"vejushë fisnike, po jo e pasur, që nuk kish fëmijë të tjerë. Kujtdo që i","toskë"
"dilte përpara, Valeria u ngjallte një ndjenjën të papritur habie dhe një","toskë"
"respekt sa të dashur, po aq të befasishëm: aq e thjeshtë ishte pamja e saj,","toskë"
"aq pak e njihte ajo vetë gjithë forcën e hireve të saj.","toskë"
"Dhe të qaj me mall të rëndë poshtë teje pa pushim,","toskë"
"Poshtë fillit të poleskës ku do shkeli kamba jote.","gegë"
"Të të shtroj nga dhëmbja ime një cudi prej pikash lote,","toskë"
"Një pluhurë të përvajshme vetëm dhëmbj’ e dëshirim.","toskë"
"Po çudi asht puna e këtyne bolshevikëve sa njerës t’egjër ishin","gegë"
"Në terrin absolut pa shqetësim kurrkund.","gegë"
"po pse me më thanë ai mue se s’kena bukë me hangër","gegë"
"Grumbullohet ne pellgje te vegjel","toskë"
"Kullon pastaj neper furçen tende te dridhshme.","toskë"
"Duke ikur plot alarm nga mbremja qe i ndjek","toskë"
"Qi per mbret e troje t’ veta Nuk i dhimbet gjâja as jeta","gegë"
"Të verbtit sytë tuaj kështu ndoshta do t’jenë","toskë"
"Disa të tjerëve,","toskë"
"ç’është e vërteta, u dukej e zbehtë; shikimi i syve, pothuajse gjithmonë i","toskë"
"drejtuar poshtë, shprehte njëfarë ndrojtjeje, madje edhe frikë; buzët i","toskë"
"qeshnin rrallë – edhe kjo lehtësisht; zërin zor se ia kish dëgjuar njeri.","toskë"
"Mbas disa javësh, falë emrit","toskë"
"të mirë që kishin, vërtet, mundën të futeshin në shtëpinë e vejushës, ku","toskë"
"ishte vështirë të hyje; ajo i lejoi ta vizitonin. Që prej asaj kohe, gati për","toskë"
"ditë mund ta shikonin Valerian e të bisedonin me të dhe çdo ditë e më","toskë"
"shumë zjarri i ndezur në zemrat e dy të rinjve bëhej gjithnjë e më","toskë"
"përvëlues;","toskë"
"Po prapë diçka më shtynte të ngrihem si somnambul,","toskë"
"Pse edhé t' mirë po e kisht' bâ nana","gegë"
"Thellë në veten teme flejnë kangët e pakëndueme","gegë"
"të cilat ende vuejtja as gëzimi s'i nxori,","gegë"
"të cilat flejnë e presin një ditë ma të lumnueme","gegë"
"me shpërthye, m'u këndue pa frigë e pa zori.","gegë"
"Pse edhé t' mirë po e kisht' bâ nana","gegë"
"Nëpër hekra të kryqzuem të dritores seme","gegë"
"shof qiellën të coptueme në katërdhetë copë","gegë"
"edhe shof diellin sa një pare serme","gegë"
"- aq larg asht qielli nga e emja gropë.","gegë"
"Asaj iu bë sikur po hynte në një dhomë të gjerë me tavan të","toskë"
"ulët... Një dhomë të tillë nuk e kish parë në jetën e saj. Të gjitha muret","toskë"
"ishin veshur me pllakëza të ndritshme, të kaltra, të zbukuruara si me fije","toskë"
"‘bari’ të florinjta.","toskë"
"Tavani dhe shtyllat ishin të tejdukshme... një dritë e","toskë"
"trëndafiltë e zbehtë futej në të gjithë dhomën, duke ndriçuar mistershëm","toskë"
"dhe njësoj gjithë sendet; nënkresat me fije ari ishin vënë mbi një qilim","toskë"
"të ngushtë, të hapur në mes të dyshemesë së lëmuar si pasqyrë.","toskë"
"E kqyrshe sqelen qe Sirakuzani","gegë"
"ndertoi, e n’drite t’venitura ti njifshe","gegë"
"fytyren tande me stoli t’nji mbreti.","gegë"
"Jo koritë kjo sod per s' dekuni","gegë"
"E gjithë kjo është e çuditshme! Shumë e","toskë"
"pakuptueshme! Fabio shkoi në dhomë te eshoqja; ajo ishte shtrirë në","toskë"
"shtrat e veshur, por nuk flinte. Kur dëgjoi hapat e tij, u drodh, pastaj,","toskë"
"kur e pa atë, u gëzua njësoj si në kopsht.","toskë"
"Kur Luli hyn n'oborr të shkollës, buza i qeshet nga pak, por askuj, asnji fjalë s'i thotë.","gegë"
"Nji kto gjuhë që jam tue ndie,","gegë"
"jan' të bukra me themel","gegë"
"por prap' kjo, si diell pa hije,","toskë"
"për mue t'tanave iu del.","gegë"
"Tatë e nanë tue u kalbë në vorr ! Qi i kan lanun plang e shpi,","gegë"
"Valeria fjeti menjëherë, por Fabion nuk e zinte gjumi. Në","toskë"
"qetësinë e natës i shfaqej më e gjallë çdo gjë që kish parë, gjithçka që","toskë"
"kish ndier. Ai, edhe më me këmbëngulje pyeste veten, pa e gjetur, si më","toskë"
"parë, përgjigjen. A është e sigurt që Mucio është bërë magjistar dhe mos","toskë"
"vallë e ka helmuar Valerian?","toskë"
"Ajo është e sëmurë... po çfarë sëmundje","toskë"
"ka? Ndërkohë që ai, me kokën të mbështetur te dora dhe duke e mbajtur","toskë"
"më me forcë frymëmarrjen, iu dha mendimeve të pakëndshme, hëna","toskë"
"doli përsëri në qiellin pa re dhe, bashkë me rrezet e saj,","toskë"
"Jam shkëputur e kam ikur shumë herë","toskë"
"Nga vendi im për në vende të largët,","toskë"
"Për një mot, për shumë vjet, përgjithënjë…","toskë"
"Po, me i prekun kryet më trá Qi ajo e don si sýt e ballit:","gegë"
"Drejt tij, në rrugicën e kopshtit, të mbuluar nga drita plot","toskë"
"shkëlqim e rrezeve të hënës, po ecën, edhe ai si somnambul, po ashtu","toskë"
"me duar të shtrira para dhe me sy të hapura, pa jetë, - po ecën Mucio...","toskë"
"Fabio i afrohet me të shpejtë, por ai, pa e vënë re, ecën duke hedhur","toskë"
"këmbët shtruar hap pas hapi dhe fytyra e tij e palëvizshme i qesh në","toskë"
"dritën e hënës, si e maleizianit.",""
"T' t' et, per t' pasun vllán per s' ngiatit, Qi m' i u bâ kjo nanë e moter.","gegë"
"Në libër s’kam shënuar fusnota duke dashur që  të bëhet","toskë"
" sa më i lehtë e të mos ndërpritet, por të jetë i vazhdueshëm.","toskë"
"Se malli i madh më digjte","toskë"
"Më hiqte në plëngun tim","toskë"
"Te varret e gjyshërgjyshërve.","toskë"
"Shef se anmiku âshtteper i madh, por s’frigohet","gegë"
"Fryu një fllad i lehtë, si një puhizë e hollë, erëmirë. Ja, po","toskë"
"dëgjohet një pëshpëritje e mërzitshme, e zjarrtë... dhe në këtë çast vuri","toskë"
"re se Valeria po lëvizte pakëz. Ai u trondit. Shikon: ajo ngrihet pak,","toskë"
"lëshon në fillim njërën këmbë nga shtrati, pastaj edhe tjetrën – dhe, si","toskë"
"somnambul me sytë pa jetë të ngulura para vetes e duar të shtrira,","toskë"
"drejtohet nga dera e kopshtit!","toskë"
"E kuvendte me nanë-locen","gegë"
"si përgjumshëm, ndonji fjalë,","gegë"
"derisa bri votrës gocën","gegë"
"e muer gjumi dalkadalë.","gegë"
"Ma Zor Mblidhen Dy Shqiptar","gegë"
"Atjè n' bjeshkë per punë t'hoqunit Me dý plume kje varrue:","gegë"
"Herë n'at' gjumë tue qeshun dukej,","gegë"
"si m'u falë herë dorën çote;","gegë"
"herë përmallshem n'veti strukej","gegë"
"e n'fëtyrë gjaku t'tan' i vëlote.","gegë"
"Zgjohet sërish, me atë emër të tmerrshëm,","toskë"
"Që një mijë vite rreh ta heqë më kot.","toskë"
"Vërtetin gjethet dantealigershëm","toskë"
"Se rri n' shtroje tue lingue, Pa mujtë kurr me u çue m' kambë t' veta","gegë"
"Endrro. Njeri, sot ma Shum se kurr","gegë"
"Vepro. E Len prova tprekshme","gegë"
"Fol. E tnihet zani deri nskaje","gegë"
"Jeto. At jet tanen, Jo tjervet","gegë"
"Si murgu shkretimtar që shkarpat verbtaz mbledh","toskë"
"Me i pshtuem vllau e erzi i sajë, Po ishin veç njato pak drrasa","gegë"
"Mos shko shumë larg, vetëm përkujto kur nëna rrit një fëmij","toskë"
" ajo e ushqen, e veshmbath, i jep edukatë dhe e mëson","toskë"
"Dhe sipër zjarrit prap’ të hedh gjymtyrët akull","toskë"
"e kalon pa gjumë që të flërë fëmija, rri vetë e uritur që të ngopë","toskë"
"fëmijën, lodhet që ai të pushojë, e kur ky fëmijë rritet e bëhet i","toskë"
"Dhe sipër zjarrit prap’ të hedh gjymtyrët akull","toskë"
"fortë, ia kthen shpinën nënës, harron lodhjet e saja, shkel mundin dhe mohon kujdesin e saj.","toskë"
"Përballë tyre, zyrtarë të pashpirt,","toskë"
"Në varg veturash rendin, s’dihet ku.","toskë"
"E çelikt t' a ket zêmren, Edhè plum t' a kete thêmren","gegë"
"Dhe copërat një nga një të shpirtit tim të hedh.","toskë"
"Un me u gjetun në Shqypni","gegë"
"Njerëzit e tillë në raste fatkeqësish i sheh më të dobët dhe gati","toskë"
" të dorëzuar e të thyer, se për ta çdogjë mbaron këtu","toskë"
"Ndaj nuk dëshirojnë që dikush","toskë"
"mendimi i të shkruarit më dha qetësi","toskë"
"tjetër t’ua ndotë ujin e pastër të kënaqësisë dhe lumturisë","toskë"
"t’ua prishë gëzimin e harenë.","toskë"
"Kësaj nate me hënë të vjeshtës","toskë"
"Dola fushës të bredh kuturu","toskë"
"Por as teper keq, me thânë... Veç sa mos me mbetë pa ngrânë.","gegë"
"Të përdorja gjithë mekanizmin e trurit tim për ta zhvlerë-suar.","toskë"
"Çdo njeri ka mundësi ","toskë"
"ta kryejë punën e tij për një ditë, sado e rëndë që të jetë, dhe secili ka mundësi të jetojë i lumtur deri sa të perëndojë dielli, ky është","toskë"
"kuptimi i fjalës jetë.","toskë"
"E verbër si të tjerat ngjan kjo ditë","toskë"
"Ngaqë askush s’beson askënd, askund.","toskë"
"Edhè mârrë kam gúr e shkam E pershkue jam nper kto rrmore","gegë"
"E lundra t’jueja mbushe me rob qe bani","toskë"
"fitues Ilirsi, e, porsi fjetun, shifshe","gegë"
"andrra fatosash, tuj t’perkundun deti.","toskë"
"Pse n' gjak gjinden âsht tue i lá, Zêmra nanash pse âsht tue thá","gegë"
"Dëgjohej një goditje e mbytur veglash","toskë"
"Platoni thonte: Fatkeqësitë janë të dobishme për shpirtin e njeriut aq sa janë edhe të dëmshme për jetën dhe trupin e tij. ","toskë"
"Ndërsa materializmi i tepërt dëmton shpirtin edhe pse mund ta ndihmojë jetën e përditshme dhe trupin.”","toskë"
"Shoqërohu me shokun me të cilin të bashkon vështirësia","toskë"
"dhe largoju shokut me të cilin të bashkon rehatia.”","toskë"
"Porsi retë mendimet e mia","toskë"
"Po më shtyhen ndër mend më shpesh","toskë"
"Muzgu rrjedh nga majat e pishave neper trungjet e kalbur","toskë"
"Si Shqyptarë qi kem' qillue: Se jue Shkjau âsht tue u rrethue","gegë"
"dhe pas tyre gjithnjë gjendesh ti","toskë"
"si kjo hënë që duket mes resh.","toskë"
"Se me shkue puna fort vonë Mund t' sharrojë kjo ushtrija e jonë","toskë"
"Porsi retë mendimet e mia","toskë"
"Po më shtyhen ndër mend më shpesh","toskë"
"Hëna shpejt do të zhduket dhe netët","toskë"
"do të mbeten pa të kurse ti","toskë"
"Punen Krenve m' u a diftue; Perse ndryshe, vetë po drue","gegë"
"Meso. E burimi dijes mos tdij me shterru","gegë"
"Puno. Kopshtin e mendjes gjithmon","toskë"
"Lexo. Poemat e shpirtit tan","gegë"
"Kupto. Vuejtjen njerzore tpakufi","gegë"
"Vështruan njëri-tjetrin, kur e panë që s’përgjigjesha","toskë"
"Sy Me Sy Me Ja Than Deshta","gegë"
"Veç shka, burra, vetë e dini: Pse zanát luften e kini","gegë"
"Tue kthye n' mbramjet n' shpi me gjâ, Rrugës shkon lisat m' gur tue gjuejtë","gegë"
"E m’ çapoj,gjithmonë n’ gjak zhye, S’ po i lên dritë me pa me sy","gegë"
"Ka ra rrezja nder bajama!","gegë"
"T’ bin e vet kshtu e pvetë e ama:","gegë"
"- C’ke, moj bi, qi kjan e fshan?","gegë"
"Kjan e fshan, e vetllat vran? -","gegë"
"- Kjava shum, mori lum nana,","gegë"
"Tuj qindisë e m’ ra gjylpana;","gegë"
"Po të jetë ashtu, është e pamundur. Këto vegla s’bëjnë për atë gjë.","toskë"
"Jo qi tham un me mend t' mija. Se edhè atý po t' ndollte ushtrija","gegë"
"M’ ra gjylpana nen balkue,","gegë"
"E jam ulë tash me e kerkue. -","gegë"
"- Po cka kje qi lodt t’ i xori?","gegë"
"Ku kje dhima, a ku kje zori?","gegë"
"A por, drue, mos m’je harlisë,","gegë"
"Qysh se kjan – o tuj qindisë.","gegë"
"Pasha nanen nuk mund t’ bari,","gegë"
"Qi të me ndezet bija zhari!","gegë"
"Msue ké kênë me dalë n' ushtrí, Me lidhë varrët e djelmve t' ue, Me u dhânë zêmer, me i trimnue","gegë"
"Mos t' lshojë zêmra, pra, as n' ditë t' sotit Ke thânë paska kênë prej Zotit","gegë"
"Me rruga t’drejta hijeshue, me shpija","gegë"
"t’nalta si sukat qe t’shikojne me smire;","gegë"
"me ndertesa t’ushtrimeve ku femija","toskë"
"Thue se 'imend edhé atà vetë I' n tue e diejt, po, qêjt e shkretë","gegë"
"Asokohe, anijet legjendare me rrotë dhe që ushqeheshin me dru","toskë"
"pothuajse qenë zhdukur, edhe ato të pakta që kishin mbetur në lundrim","toskë"
"nuk kishin as pianolë, as kamare për muaj mjalti dhe mezi çanin kundër","toskë"
"O moj Shqypni, e mjera Shqypni,","gegë"
"Kush te ka qitë me krye n'hi?","gegë"
"Ti ke pas kenë një zojë e randë,","gegë"
"Burrat e dheut të thirrshin nanë","gegë"
"Listat e diftongjeve indoevropiane dhe latine, me gjithë ndryshimet e tyre, i shtiheshin në gjumë.","toskë"
"Sesa Nisim Nji Pune T`re","gegë"
"Pushka e topi ishte tue vlue, E kann pá atà edhè kundrue","gegë"
"Me 'i kubure t' pa kandak, Njanit sý verbue, krejt mbetë","gegë"
"E t' ká mârrë gjâmë vrrini e bjeshka, M' kupë të qiellës ushtue ká vrrima","gegë"
"U ul përsëri në tryezën e punës, ku kishte hapur gjithfarë leksionesh.","toskë"
"Do t’ a dije e zeza nanë,","gegë"
"Pse ti vetllat shpesh m’ i vranë;","gegë"
"Pse c’ kah mot, moj, buza s’ t’ qeshet","gegë"
"E n’ argtime zemra s’ t’ ndeshet. -","toskë"
"- Nuk a’ gja, moj nanë s’ a’ gja;","gegë"
"Prej t' kobshmit trishtim qi ká, N' shpi gjithshkafja i duket Shkjá;","gegë"
"Emnin e kandshem m’i a ndie kot prita","gegë"
"Njasajë qi n’ kobe do t’ m’ ishte drita:","gegë"
"Kuej nuk i dhimem, askush s’ m’ kujton,","gegë"
"Sado qi zemra vec gjak m’ pikon.","gegë"
"Ma hiqni atë mbrëmje me atë grua, – ulërita.","toskë"
"Kur bâjn hapin me shpejtue ! Randë me çakla ngarkue çikat","gegë"
"Me burra trima, me gra të dlira;","gegë"
"Ti ndër gjith shoqet ke kenë ma e mira.","gegë"
"Kur kriste pushka si me shkrep moti,","toskë"
"Zogu i shqyptarit gjithmonë i zoti","gegë"
"Kur dashuroheshim në kohën tonë","toskë"
"Me zor na vinin letrat fshat-qytet","toskë"
"Nuk kishim nëpër dhoma telefonë","toskë"
"Me 'i kubure t' pa kandak, Njanit sý verbue, krejt mbetë","gegë"
"Ah! se fort m’ dote, se fort m’ pat gzue,","gegë"
"Sa gjallë, e mjera, rrite me mue!","gegë"
"Por qe, se une nanen sot ma s’ e kam;","gegë"
"Un nafakpremi, c’ se i vorfen jam!","gegë"
"Asgjë s’më kujtohej. Vetëm shija e hidhërimit, e pazbutshme, e patretshme.","toskë"
"Neper terr tue zânun m' thue, Ço e rrxo, po, si njato rikat","gegë"
"C’ at ditë, si zogu, larg fluturova,","toskë"
"E n’ dhe t’ panjoftun treta, u largova;","gegë"
"S’ desht kush me m’kqyrun, s’ diejta kue’ i flas,","gegë"
"Nji dorë ndimtare c’ at herë s’ m’ u qas.","gegë"
"Në vín anmike u njofton rojvet qellimin e takimit me komandantin e tyne.","gegë"
" E nper flakë t' pushkve t' taborrit Kann marrë shpatin tue fluturue","gegë"
"Në vapë e shi, dëborë dhe thellim.","toskë"
"Kur dashuroheshim në kohën tonë","toskë"
"Me zor na vinin letrat fshat-qytet","toskë"
"Burrit t' mirë kurr nuk i âsht ndalë Pushka, sofra, e fjala fjalë","toskë"
"Bukë e krypë me ta tue dá, Porsi pasë t' i kishte vllá","gegë"
"Ka kenë për luftë e n'luftë ka dekun","gegë"
"E dhunë mbrapa kurr s'i mbetun.","gegë"
"Kur ka lidhë besën burri i Shqypnisë,","gegë"
"I ka shti dridhën gjithë Rumelisë;","toskë"
"Ndër lufta t'rrebta gjithëkund ka ra,","gegë"
"Me faqe t'bardhë gjithmonë asht da","gegë"
"Po ndofta dashuria mbahej gjallë,","toskë"
"Se zjarrin mbanin letrat në udhëtim","toskë"
"Me bicikletë a mushkë apo me kalë","toskë"
"Mbathë e zbathë si kan qillue, Gjân e gjallë edhé vû para","gegë"
"Ah! po, kujtimet e asajë dite","toskë"
"Uratë e kandshme ti m’ i persrite:","gegë"
"O nanë e dashtun, a thue t’ thrras kot,","gegë"
"C’ se fusha e mali me za t’ em lot?","gegë"
"Ajo ishte aty pranë, disa hapa larg dhe, me siguri, ishte e paqetë dhe kishte makth","toskë"
"ngaqë, në një mënyrë ose në një tjetër, duhej të ndiente që unë përpiqesha ta varrosja.","toskë"
"Qi m' i ká nja tetë taborre Tetë taborre, rrfé mizore","gegë"
"Por sot, Shqypni, pa m'thuej si je?","gegë"
"Po sikur lisi i rrxuem përdhe,","gegë"
"Shkon bota sipri, me kambë, të shklet","gegë"
"E nji fjalë t'ambël askush s'ta flet.","gegë"
"Duhej ta nxirrja atë grua, sepse gëzimet që më jepte ishin përherë më të pakta ","toskë"
"Lene T`shejt e Mos Ta Zgjasim","gegë"
"I suell mjekët kû i' n kênë mâ n' zâ, Blé melhême i ká edhé bare.","gegë"
"E s'të ka mbetun as em'n as besë;","gegë"
"Vet e ke prishun për faqe t'zezë.","gegë"
"Shqyptar', me vllazën jeni tuj u vra,","gegë"
"Ndër nji qind ceta jeni shpërnda;","gegë"
"Zi me psue, keq me u shkretnue","gegë"
"Priftnit e hoxhët ju kanë hutue,","gegë"
"Për me ju damun me ju vorfnue!","gegë"
"O ju bij të mëmëdheut, ju o patriotë trima,","toskë"
"Luftëtarë të dëgjuar edhe po kaqë të urtë,","toskë"
"Të bashkuar si vëllezër neve jemi kurdoherë,","toskë"
"Por i vllaj mâ mirë nuk bâni, Fill, i mjeri, âsht shtri per dekë","gegë"
"Kur dashuroheshim në kohën tonë,","toskë"
"Kur tretesha dhe digjesha për ty,","toskë"
"Nga njeri-tjetri letrat vinin vonë,","toskë"
"Kalonte dhe një muaj apo dy.","toskë"
"Shqyptarët per me i zânun gjallë, Me u hjekë armët, keq me i shnderue","gegë"
"Krahë të vendit të shtrenjtë edhe besnikë ndaj kombit.","toskë"
"Thom do tʼishte fort mâ mirë NʼShqipni msimin mʼe lânë tʼlirë.","gegë"
"Shqyptarët per me i zânun gjallë, Me u hjekë armët, keq me i shnderue","gegë"
"Ashtu mʼduket edhe mue, Por, zotni, tʼngjatët Zoti jetën!","gegë"
"Askush nuk qe i sigurt","toskë"
"nëse e kishte pasur fjalën për motin. Kujtimet e një pjese puqeshin në","toskë"
"faktin se kishte qenë një mëngjes rrëzëllitës me një puhizë deti që frynte","toskë"
"përmes bananishteve, siç duhej të kishte qenë një mot i zymtë me një","toskë"
"qiell të turbullt e të ulët,","toskë"
"Krahë të vendit të shtrenjtë edhe besnikë ndaj kombit.","toskë"
"Shkputë nji rreshpe vetlla s' malit ,Poshtë rrmores shamet zallit","gegë"
"Sá qi Shkjau zên me u pendue, Pse aq pá beh turrin kisht’ lshue","gegë"
"Dhe nisej tani drejt një pushimi të gjatë","toskë"
"Majë Tomorrit diku në burimet,","toskë"
"Ose atje në Kulmak në barakë","toskë"
"Per rreth vendin shkojn tue e lá, Per me trêmë bishat nper pisha","gegë"
"Me ju turpnue me grue e motër,","gegë"
"E për sa pare qi do t'fitoni,","gegë"
"Besën e t'parëve t'gjith e harroni,","gegë"
"Baheni robt e njerit t'huej,","gegë"
"Qi nuk ka gjuhën dhe gjakun tuej.","gegë"
"Kndej nji zhangë, andej nji opangë,Tlyen e djathë, sheka t' pa rrathë","gegë"
"E qi munden me na i prishë Fmin me shkollë edhe me Kishë","gegë"
"Tue na i rritë djelmt tʼonë trathtarë, Ma fort tʼhuej se Shqiptarë","gegë"
"Ne duhet edhe më fort të lidhemi që të gjithë,","toskë"
"Për qëllimin ton’ të shenjtë, në emërin e lirisë","toskë"
"Po ja, për këtë dua të të tregoj.","toskë"
"- Ç'është e vërteta, me saktësi s'e them dot; më duket se s'po fle.","toskë"
"Nën të njëjtën çati, në të njëjtin apartament, në të njëjtin kat të
katërt, na jetonin dy kolegë:","toskë"
"Duket sikur kësaj dite, që herët me natë,","toskë"
"Zoti kishte mbaruar të gjitha krijimet","toskë"
"Dhe nisej tani drejt një pushimi të gjatë","toskë"
"Njâni tjetrin m' êmen thrrasin, Gjindes s' vet mos me u largue","gegë"
"mësim për gjithë jetën.","toskë"
"Shëmbëllesa e fundit që i kishte mbetur së ëmës prej të birit","toskë"
"ishte kalimi i tij si hije nëpër dhomën e saj të gjumit. Ia kishte prishur","toskë"
"gjumin teksa përpiqej të gjente verbazi një aspirinë në raftin e ilaçeve","toskë"
"që ndodhej në banjë. Ajo kishte ndezur dritën dhe e kishte parë t'i","toskë"
"përhihej te dera me gotën e ujit në dorë, siç kishte për ta kujtuar","toskë"
"gjithmonë.","toskë"
"Ju, stërnipër të të Madhit Aleksandër e të Piros,","toskë"
"Të dëgjuar, të lavdishëm, ju, o bij të Skënderbeut,","toskë"
"T’atij burri të vërtetë, që në botë shok s’ka pasur","toskë"
"Se si gjindja vû jânë n' t' hikun, Baktish vithnat si i ki' n shpikun","gegë"
"M’ tokë e m’gjâ per ditë me i grrye, M' pushkë e m’ top edhè tue e msy,","gegë"
"E as të keqen s’ i a ká dá: Marë Shqypnín në gjak ká lá","gegë"
"E kishte parë nga i njëjti hamak dhe prej të njëjtit pozicion, në të","toskë"
"cilin e gjeta, të rrëgjosur nga pleqëria, kur u ktheva në atë fshat të","toskë"
"humbur duke u përpjekur të rindërtoja prej aq ciflash të hallakatura","toskë"
"pasqyrën e thyer të kujtimit.","toskë"
"Në këtë kohë e sipër","toskë"
"mbarë fshati u zgjua nga uturima e avullores me të cilën vinte ipeshkvi.","toskë"
"Shtëpia, që dikur pat qenë maraze, ishte dykatëshe, me mure","toskë"
"prej dërrasash të palatuara dhe me një çati dyujëse prej zinku, mbi të","toskë"
"cilën zhgabat përgjonin mbeturinat e portit.","toskë"
"Ndonji shoqe çon e thrret; Gjânë raditë neper rrogtarë","gegë"
"Ne pellazgë kemi lerë para se të lindte hëna,","toskë"
"Por, ndale vajin, jeto pa droje,","toskë"
"Mendo se drita prap do t’ agoje,","toskë"
"Kur nder Qiell t’ epra Zoti tash t’ thrret:","gegë"
"Rrethue me lule, nana aty t’ pret.","gegë"
"Trima, shpresa dhe guximi kurdoherë të na prijnë","toskë"
"Dhe të gjithë me një mendje të bëjmë detyrën tonë.","toskë"
"Ktû vra 'i plak, atjè nji fmi, Ktej nji grue, pertej nji dhi","gegë"
"Pa ejani, dhe gjysmë fjale qoftë","toskë"
"Për ne pendim, pajtim dhe marrëveshje:","toskë"
"Që kush gaboi, më tutje mos gaboftë,","toskë"
"Nëse kupton se jeta ka një vdekje.","toskë"
"Kur Adami nuk ka qenë veçse ujë edhe pluhur","toskë"
"Njâ' n lsho m' prroskë e tjetrin m' prrue: Mendt e krés me t' u dermue","gegë"
"Fletëve të dendura nën kurorat me palë,","toskë"
"Ndërsa këndezi mburret, se tej nga plevicat,","toskë"
"Mposhti një natë, megjithse ngadalë.","toskë"
"Ditë e mahnitshme!","toskë"
"Se ç' t' u dha brima e ulurima","gegë"
"Pa ejani dhe çiltërisht të qajmë","toskë"
"Ku veç e veç dhe ku me shoqërinë,","toskë"
"Mëri për fjalët sharëse mos mbajmë,","toskë"
"Se dashuria fqinje ka mërinë.","toskë"
"Herë rri e struku mbas ndo 'i shkrepit, Mbas ndo 'i stomit, mbas ndo 'i rrapit","gegë"
"Por miqsí edhè famulli Tash nji herë me shkue në shpí","gegë"
"Ah! Shue kjoftë kjo fara e Shkjaut, Qi, qse ra m’ Ballkan mâ s’ parit, ","gegë"
"M'ata sy t'bukur q'dini me qa,","gegë"
"Eni t'vajtojmë Shqypninë e mjerë,","gegë"
"Qi mbet' e shkretë pa em'n, pa nder;","gegë"
"Ka mbet e vejë si grue pa burrë,","gegë"
"Ka mbet si nanë, qi s'pat djalë kurrë!","gegë"
"Dhe të parët tanë s’ishin vetëm baballarë popujsh,","toskë"
"Porse ishin baballarë dhe të vetë perëndive.","toskë"
"Thirr shoshoqes larë e m' larë. Tue u zgerdhi, tue bâ poterë","gegë"
"Pa ejani dhe çiltërisht të qajmë","toskë"
"Ku veç e veç dhe ku me shoqërinë,","toskë"
"Mëri për fjalët sharëse mos mbajmë,","toskë"
"Se dashuria fqinje ka mërinë.","toskë"
"Kah po ndjekin gjân e gjallë: Qi terbue hikin lak m' lak,","gegë"
"Pa kênë kjá pa kênë vajtue, Me ngranë m’ ta sorrë e falkue","toskë"
"Përpara se ta merrte policia me vete, ai më dha një zarf me tri rroga","toskë"
"brenda dhe m'u lut që të vazhdoja të përkujdesesha për shtëpinë","toskë"
"sepse, kështu më tha, do të kthehej shpejt.","toskë"
"Të tilla që, po të fillosh të tregosh në, këtë pozicion si ky imi, e","toskë"
"humbet dinjitetin; punë që s'bëhet; del diçka qesharakc; kurse, në këtë","toskë"
"mes, fjala s'është aspak për t'u tallur, por për diçka serioze.","toskë"
"Motit, gjuha jon’ e dlirë, gjuha jonë e pavdekshme,","toskë"
"E kulluara, e kthjellta, mahniti dhe perënditë.","toskë"
"Askush s’e mohon në botë famën e të parve tanë","toskë"
"Drita e sýut per dekë aj shtri! Mue tash po m' verbon t' dy sýt","gegë"
"Pa ejani ta mburrim njëri-tjetrin","toskë"
"Dhe mos kursejmë as fjalë lavdërimi,","toskë"
"T’ia bëjmë shoku-shokut komplimentin","toskë"
"Në çaste dashurie dhe pendimi.","toskë"
"Lshohet zhgjetë e turrshim futet Mbrendë në breshtë, tue u dridhë prej tutet","gegë"
"Dy veshe na kemi e vec nji goje te vetme,","gegë"
"Se shume sende me ndi i duhet t’urtit,","gegë"
"Por fjal’t me i k’pute per s’shkurtit.","gegë"
"Dhe punërat e shkëlqyera ua dëshmon historia.","toskë"
"Rob tue m' mârrun n' Mal të zi: Me turpnue, po, un nanë e tatë","gegë"
"Askush s’e mohon në botë famën e të parve tanë","toskë"
"Dhe punërat e shkëlqyera ua dëshmon historia.","toskë"
"Dikur në Azin’ e largët si shqiponja fluturuan","toskë"
"Tash qi m' erdh shpirti me dalë, Frýma n' zêmer tue m' u ndalë","gegë"
"Edhe fronin e Dariut e përmbysën ata trima.","toskë"
"Duke thyer në betejat ç’qenë përsanë barbarë,","toskë"
"Po m' u nep ushtarve t' mjerë, Kê tue pré, kê prap tue therë","gegë"
"Për ato që kanë ditur në jetë","toskë"
"Të lindin kreshnikë e peri,","toskë"
"Jo në maternitet e në shtëpi","toskë"
"Po si mordja me m' harrue ?! Nanë e tatë tue u kalbë nen dhé !","gegë"
"Dhe qytetërimin mbarë e shpëtuan nga rreziku.","toskë"
"Per mnderë tue kercnue me dhêmë, Tue lurue, tue turfullue Si kulshedra neper kneta","gegë"
"Po i kcen prroskat kep më kep, Po i prêt gjinden per gazep","gegë"
"Me pasë pá, veç, moj fisnike, Se s' di kush, jo, me t' kallxue, Se me ç' turr djali t' kje lshue","gegë"
"Por shka t' bajsh nuk ké n' ket pûnë: Me qindrue t' duhet perdhûnë:","gegë"
"Dhe romakëve mizorë më t’u kallën lemerinë.","gegë"
"Kush qe ai burr’ i huaj, kush qe ai maqedonas,","gegë"
"Vedit me i a njitun shkinë, N' gjûhë të huej me zânë kuvend","gegë"
"Dy sy prap kemi e vec nji goje te vetme,","gegë"
"Se shume sende me k’qyrun asht nevoja,","gegë"
"E pak me folun goja.","gegë"
"Dhe kush qe njeriu i shquar, që më kot grekët e thyer","toskë"
"Hin me turr, e pa diejt gjâ N' at trishtim se ç' isht' tue bâ","gegë"
"Lundertari qe s'rezikohet","toskë"
"Kur asht' deti shkum' e vale","gegë"
"Vete me vedi mos t'ankohet","gegë"
"Se i shkoi dita pa fitim","toskë"
"Thue s' din Shkjau si m' e shperthye... Qi kurrgjâ atij mâ per dore","gegë"
"U munduan me sofizma porsi grek ta paraqitnin?","toskë"
"Kur të huajt pa të drejtë rojën kishin masakruar","toskë"
"Nuk i vjen, se dyer me thye, Shpija e tbana me bâ rrmore","gegë"
"Tuj u tall' e tuj pritue","gegë"
"Kurrgjasend nuk qitet n'drite","gegë"
"Cfaredo sendi me fitue","gegë"
"Trimni lypet e guxim","gegë"
"Këtë nanë të dashtun a do ta lamë,","gegë"
"Qi njeri i huej ta shklasë me kambë?","gegë"
"Nuk, nuk! Këtë marrè askush s'e do","gegë"
"Këtë faqe t'zezë gjithkush e dro!","gegë"
"Para se t'hupet kështu Shqypnia,","gegë"
"Me pushkë n'dorë le t'desë trimnia!","gegë"
"Si t' isht' plajmi borë tue qitë, Rrin harû mbrenda shpis s' vet","gegë"
"Dirgjet shpesht liqer i kalter","toskë"
"e pushon ne mes te dites,","toskë"
"siper tij bucet prej fundesh,","toskë"
"pasqyrimi i tij shndrites","toskë"
"Ata s’qenë aspak grekër as dhe skitë, jo, nuk qenë;","toskë"
"Veç, tue krisë zhurma e potera, N' lak pertej, sýt hera - hera","gegë"
"Cilët qenë ata që Thivën e rrënuan po shtëpinë","toskë"
"E Pindarit nuk e prekën, sepse përnderonin muzat?","toskë"
"Para vedit me shpejti, Trêmshim tu' i rrot' llue np' r ajri","gegë"
"Ishte si dhe sot fisnik, trim, hyjnor, i madhërishëm.","toskë"
"Me nji vllá fill tue marue Kaherë ftofë të mjerit kama","gegë"
"Si dhe ne, ata po qenë shqipëtarë të kulluar","toskë"
"Dhe shqiptari këtë emër e ruan, sepse e pat","toskë"
"Dishka ftyrës, rrin tue mendue, Se po âsht cirka tue cirkue","gegë"
"Si dhe ne, ata po qenë shqipëtarë të kulluar","toskë"
"Si kaq shpejt ju me pikue ?!... M' voter cirken me m' a lshue ?","gegë"
"E bukura e të mira,","toskë"
"Që na përkëdhelin me duar të njoma","toskë"
"Kur kthehemi nga rrugë të vështira.","toskë"
"Gabohemi shumë,","toskë"
"A se folë t' paskam un randë: Persè ti 'i çikë e pa nanë, Sa valë t' kênka i vetmi vllá,","gegë"
"Se gratë tona e humbën freskinë","toskë"
"Se ishin të këndshme njëherë !…","toskë"
"Jo, jo, s’humbet hijeshia e tyre,","toskë"
"Mjafton të qëndrojnë pak në pasqyrë","toskë"
"At herë vllau, bâ dhé në ftyrë, Sý per sý motren po e kqyrë","gegë"
"Dhe shqiptari këtë emër e ruan, sepse e pat","toskë"
"Në flamur gjithnjë shqiponjën, shenjë force dhe fitorje","toskë"
"Po ti, moter, pse me kjá ?! Zêmren dýsh pse me m'a dá,","gegë"
"Më shtyp zgjedhë e skamjes nga viti në vit,","toskë"
"Por mbrëmjes me miqtë unë vitin e ndrit:","toskë"
"Kur mbrrijmë qëllimin dhe gazi na djeg,","toskë"
"Se tý motra s' t' u martue, Per pa u kalbë ajo nen dhé","gegë"
"Përse t’i kujtojmë ca ferra në shteg?","toskë"
"Ç’të merrem me fatin, me kalin gërmuq?","toskë"
"Pa hiqmu nga sytë, i poshtri thuthuq!","toskë"
"Kurr mâ randë se sod folë s' m' ké !... Tjeter tatë nuk kam as nanë","gegë"
"Dhe gjithë popujtë atje vinin me nderim të thellë,","toskë"
"E thaftë vera, si e ká thá ! Po un qýsh shkoj me ndêjë rob n' Shkjá","gegë"
"Shqiptari është siç ishte në fillim, i pandryshuar.","toskë"
"Po ti, Tringë, shka jé kah flet ? Rob në Shkjá tý shka po t' qet.","gegë"
"Shpesh vuaj dhe dhëmbët kërcas domosdo,","toskë"
"Po jeta është luftë dhe unë jam hero;","toskë"
"Ndaj jam i shkujdesur, pa pare në xhep,","toskë"
"As mbreti të drejtat s’m’i merr e s’m’i jep","toskë"
"Shpija e stane tue i bâ hi, Tue plaçkitun dhên e dhi","gegë"
"Shqipëtar’ ishin të gjithë si edhe në ditët tona.","toskë"
"Kurrë dyndjet e të huajve s’arritën të shkatërrojnë","toskë"
"Dér qi vllaj per t' mbramen heré Hoq e u dá kso jete s' mjerë","gegë"
"Veshur përherë me hekur, kordhëtarë ndër beteja,","toskë"
"Ishin gati dhe të vdesin për Shqipëri, mëmën tonë.","toskë"
"Per at kob të zi qi e gjet ! Por, tue kjá, tue dnesë mbi vllá","gegë"
"Hap me gjeme llahtarie,","toskë"
"plage e hon ne kraharuar,","toskë"
"ndaj largohen sere-sere,","toskë"
"qe prej zallit te shkretuar","toskë"
"Për shqiptarët kurdoherë të huaj kan’ qenë grekët,","toskë"
"Edhe sllavët edhe keltët, edhe skitët e romakët.","toskë"
"Gjithë kombet nënë zgjedhë të romakëve u vunë;","toskë"
"Se vllau petkash duhej ndrrue, Se në vorr aj duhej çue","gegë"
"Ndërsa shqipëtarët vetëm kanë luftuar hordhitë","toskë"
"E romakëve, si burra, me guxim e gjer në fund.","toskë"
"Sa beteja dhe sa luftra të përgjakshme kanë bërë","toskë"
"Persè t' mshifem këtû kot ?! Ç' m' duhet jeta sod me sod ?!","gegë"
"Baballarët tanë trima kundër dyndjeve barbare!","toskë"
"Per çdo mungesi, qi kisha mundet me ba në sy të famullis, kishës s’mund t’i mirret gioba, vetun.","gegë"
"Ranë dëshmorë në luftë ata burra të vërtetë","toskë"
"Për mëmëdhethin e dashur, për lirinë edhe për nderë.","toskë"
"Vllaut të pamartuem do ti epen të prishunat e martesës pà u dà shpija.","gegë"
"U mbyt në gjak mëmëdheu, armiqtë na e shkretuan,","gegë"
"Porse Shqipëria kurrë s’e duroi robërinë.","toskë"
"Gjithkush âsht i zoti i pasunis së vet, e aj, i cilli don me lânë gjânë e vet per kishë, âsht i lirë e nuk mund t'a ndalë kush.","gegë"
"Askush nuk ka mundur kurrë që ta vërë nënë këmbë","toskë"
"Me martue varzat e vorfna","gegë"
"Kur të më kujtosh,","toskë"
"Kur të vish të shkosh,","toskë"
"Kur të shkosh këtejza pranë","toskë"
"Që të çmallërosh","toskë"
"Me dekë në të papritun i daluni fare, kushrinija, kan tager mbi giâ e pasuni të tij.","gegë"
"Në kohë paqe, i butë si qengj është shqipëtari,","toskë"
"Flamur' i pastër qe m'u nxi","toskë"
"Në sulm te lumtur për liri,","toskë"
"Qëndron gazmor në lartësi!...","toskë"
"O shqipe, o zogjt' e maleve, kallzoni:","gegë"
"A shndrit rreze lirie n'ato maja;","gegë"
"mbi bjesh' t'thepisuna e n'ograja,","gegë"
"ku del gurra e gjëmon përmallshëm kroni?","toskë"
"Por në luftrat e betejat si luan i tmerrshëm bëhet.","toskë"
"Kur hordhi bishash të egra, që erdhën nga larg, nga Lindja,","toskë"
"Kundër botës u lëshuan edhe vendet po shkretonin","toskë"
"Tuj shkue në mullî, strajcen e bukës e mêrr seiciili me vedi e, sà të rrîjë në mullî, hàn buken e ved","gegë"
"Që të gjitha mbretëritë edhe kombet u tmerruan.","toskë"
"Bizantinët fanatikë, frikacakë, të pazotë","toskë"
"Për postin që kanë pasur, nuk u kundërshtuan fare","toskë"
"Parimi i kanûnit âsht: ""Shka të bâjn të mêtujt (mêcat), burrnimi i shpis do t'a lajn","gegë"
"Po ranë duke shpresuar në gjëra fyl e pa bukë,","toskë"
"Dhe u bënë ata shkaku i së rëndës robëri.","toskë"
"Turqit, bishat gjakatare, shkatërronjësit e botës","toskë"
"Me rà pré, me pretue, me mârrë pré don me thànë me mârrë a me pershi nji tufë gjaje në mal, në vrri a edhè në vath.","gegë"
"Porsi ujqër të uritur njerëzve u shqyen zorrët.","toskë"
"Perëndimi mbarë dridhej nga të frikëshmit barbarë","toskë"
"Me rà pré, me pretue, me mârrë pré don me thànë me mârrë a me pershi nji tufë gjaje në mal, në vrri a edhè në vath.","gegë"
"Dhe Arusha u kish mbetur e vdekur, pa shpirt në duar.","toskë"
"Asnjeri guxim nuk pati t’i luftonte ato bisha","toskë"
"Po u pretue nji tufë e huej në rrugë, në mal e një bjeshkë per kufi, atbotë si katundi si flamuri i perkrahen pretarit. ","gegë"
"Po ndërsa të gjithë ulën qafën nën zgjedhën e zezë,","toskë"
"Një komb vetëm i guximshëm, një komb trim, i papërkulur,","toskë"
"U rreshtua para tyre edhe më t’u kalli dërrmën,","toskë"
"Si mbas randsis së fâjit do t’i lahet gioba e gjaja të zot't.","gegë"
"A keni ndie ndikund, kah fluturoni","gegë"
"ndër shkrepa, me ushtue kangën e saj?","gegë"
"A keni ndie nji kangë të patravajë?","gegë"
"O shqipe, o zogjt' e maleve, kallzoni!","gegë"
"çue kush edhè mblodh shoke e dashamire edhè i duel në pritë kue), tuj u thànë: të gjithsà pushke, ","gegë"
"Ai trimi sypatrembur dhe ajo shqiponjë mali?","toskë"
"Mos qe Marsi a Minerva, a mos qe Zeusi vetë?","toskë"
"Me çue gjind per besë âsht kanû, me dhânë besë âsht detyrë e burrni.","gegë"
"Përsëri duke shpëtuar nga rreziqe të llahtarshme","toskë"
"Perëndimin që s’ia diti, të pabesënë Evropë.","toskë"
"Kush qe, vallë, atëherë ai prijësi i kombit,","toskë"
"Besa e katundit âsht tridhetë ditshem.","gegë"
"Thuaje emërin e ndritur, emërin e perëndijtë,","toskë"
"Këndo, o hyjni fisnike, trimërin’ e tij të rrallë.","toskë"
"Kur të vrasé shoqi shoqin dy vetët, qi u fjalisen, e biejn të dy dekun, jesin krye i per krey","gegë"
"Lumthi ti, shpirt i pamort! Lumja ti, zemër hyjnore!","toskë"
"Pushka, qi vret pà hiri, kà gjakun gjak, por s'kà giobë as të ndjekmen.","gegë"
"Ti je shembull dashurie, ti je monument virtyti,","toskë"
"Ndezi nji cigare dhe filloi me shikue i lodhun fjollat e tymit","gegë"
"Ju dua, të vegjël dhe ju të mëdhenj!","toskë"
"Sikur të më derdhen të ligjtë përrenj,","toskë"
"U thyej dhe qafën, i çoj mu në djall","toskë"
"Me gotën përpara, me këngën me mall!","toskë"
"Ti, o emër shumë i dashur, emër hyjnor, aq i ëmbël,","toskë"
"Nji lodhje e madhe e kaploi, tue fillue prej qepallave të syve e deri te gishtat e dorës","gegë"
"po, na jemi të pa shkollë, more zotnì, e s’dijmë mâ gjatë","gegë"
"A keni ndie ndikund, kah fluturoni","gegë"
"ndër shkrepa, me ushtue kangën e saj?","gegë"
"A keni ndie nji kangë të patravajë?","gegë"
"O shqipe, o zogjt' e maleve, kallzoni!","gegë"
"""Lirim, lirim!"" -- bërtet gjithkah malsia.","toskë"
"A ka lirim ky dhé që na shkel kamba,","gegë"
"a veç t'mjerin e mblon anemban' robnia?","gegë"
"Flutro shqipe, flutro kah çelet lama,","gegë"
"sielliu maleve përreth që ka Shqipnia,","gegë"
"e vështroje ku i del lirimit ama","toskë"
"dhe një zë vengon nga lumi,","toskë"
"më buçet, më zgjon nga gjumi,","toskë"
"Poeti mbyllë poemin me thirrjen e Zanës qi per kaq mote e përcuell pa i u dá kurr krahit.","gegë"
"Por nuk u shuejt edhe, jo, shqiptaria:","gegë"
"Lodhun prej hekrash që mizori e njiti,","gegë"
"lodhun prej terri ku robnimi e qiti,","gegë"
"shpreson me e zgjue fluturim mënia.","gegë"
"Ty, o bir fisnik, i lartë, i atdheut të shumvojtur","toskë"
"Por nji fushe ma e bleret nuk shtrohet,","gegë"
"Por nji mal ma bukur s'rri,","gegë"
"Ma i kulluet nji lum s'dikohet,","gegë"
"Moj Shqypni, porsi i ke ti.","gegë"
"pranë dijes i panxënë,","gegë"
"lakuriq dhe i dregosur,","toskë"
"trup e shpirt i sakatosur.","toskë"
"N' derë të vathit lidhë per hû, Kah ndien gjinden tuj u afrue","gegë"
"Qan e lutet Nën' e mjerë,","toskë"
"Kërkon vatrën edhe nderë,","toskë"
"Do lirinë dhe atdhenë,","toskë"
"Si ç'e pat me Skënderbenë,","toskë"
"Bijt' e besës thërret pranë.","toskë"
"Kur i thirri dhe s'i vanë?","toskë"
"Mbahu, Nëno, mos kij frikë,","toskë"
"Per me folë, me bisedue, Nji zojë m' vedi tý me t' qitë,","gegë"
"Përmbi Dhe, përmi Fron, përmi Qjell u-bekofsh,","toskë"
"Përmi djall dhe tiran, përmi Ferr mbretërofsh,","toskë"
"Me pean dhe temjan, dhe këmban' u-këndofsh","toskë"
"Shqipëtarët ta nderojnë emërin dhe kurdoherë","toskë"
"E shqiptojnë veç me lotë dashurie dhe respekti","toskë"
"Bâ helm prej idhnimit,çohet perandori dhe don të dalë prej kuvendit","gegë"
"Kryetrim, që lëfton, triumfon për atdhe,","toskë"
"Shpëtimtar, kryemjek, kryeshenjt, kryefe,","toskë"
"Pasuri, dhe liri, dhe fuqi ti na dhe,","toskë"
"anës detit i palarë,","toskë"
"anës dritës i paparë,","toskë"
"pranë sofrës i pangrënë","toskë"
"Mbreti i Italís, tuj ndie këto fjalë, merr anë shqiptare ndërsá ai i Rusís atê të Sllavëve","gegë"
"Ç'thot' ajo e ve e gjorë,","toskë"
"-Mbretëreshë pa kurorë-","toskë"
"Faqe-çjerrur, lesh-lëshuar,","toskë"
"Shpirt e zëmër përvëluar;","toskë"
"Gjysm' e vdekur: ""O Shqiptarë,","toskë"
"Nënës mos ia bëni varrë!""","toskë"
"Mbahu, Nëno, mos kij frikë","gegë"
"Se ke djemtë n'Amerikë.","toskë"
"Pse më përplase, më përpëlise,","toskë"
"Pse shpresën dyzet vjet ma ushqeve,","toskë"
"Dhe sot ma preve?","toskë"
"Se ta njohinë lavdinë, njohin bëmat burrërore.","toskë"
"Han sà me thanë, lan duert, del m’anash e pështetet brivotrës.","gegë"
"Ti dhe të tjerët pleq do të ngelni,","toskë"
"Tokën e Shenjtë kurrë s'e shkelni","toskë"
"Skllevër, bij-skllevësh, s'e meritoni","toskë"
"Se liri s'doni!""","toskë"
"Kur do vijë vallë dita të të ngrenë monumentin,","toskë"
"Të përgjunjenë me zjarr para këmbëve të tua?","toskë"
"Trimërit’ e tua, prijës, dhe fitoret legjendare","toskë"
"Se edhè fort ç' erdh tuj u idhnue E as s' u mat mâ as s' u hutue","gegë"
"Ne, pasardhësit, na mbushin me guxim e burrëri.","toskë"
"Kur ti vdiqe, na ke lënë neve një atdhe të lirë","toskë"
"Rrijn shoshojn tue e shtý pa dá, Njani tjetrin n' gjak tue e lá","gegë"
"Dersa t'mundem me ligjrue","gegë"
"E sa gjall me fryme un jam,","gegë"
"Kurr Shqypni, s'kam me t'harrue,","gegë"
"Edhe n'vorr me t'permende kam.","gegë"
"E n'kjoftë se lypet prej s'hyjnueshmes Mni,","gegë"
"Qi flije t'bahet ndo'i shqyptar m'therore,","gegë"
"Qe, mue tek m'kini, merrni e m'bani fli","gegë"
"Për shqyptari, me shue çdo mni mizore. -","gegë"
"Dhe e lirë do të jetë Shqipëria jote prapë.","toskë"
"Sod a kurr me i rá Sulltanit ! Sod a kurr turkut me i rá, Turk e Shkjá sod me u perlá","gegë"
"Varri yt siç i ka hije do nderohet mot e jetë.","toskë"
"Nëpër shekuj do të rrojnë emri dhe veprat e tua.","toskë"
"Paqa e pergjithtë vêhet në rrezik per tanë Europën","toskë"
"Pra, vraponi, o miq të mi, mëmëdhetarë vraponi,","toskë"
"Me një qëllim, një dëshirë, përpara për Shqipërinë!","toskë"
"O vëllezër shqipëtarë, o ju bij të mëmëdheut,","toskë"
"S' ká me thanë tash ktû fjalë boshe, Per shka don me bâ adalet:","gegë"
"Ne të gjithë një komb jemi, një gjak, një fis e një farë,","toskë"
"Të gjithë të njëjtit shpirt e të njëjtës zemër jemi,","toskë"
"Pse edh' âsht kjo mâ e mbramja herë, Qi po t' bje me u pré e me u therë","gegë"
"Të gjithë të njëjtit shpirt e të njëjtës zemër jemi,","toskë"
"Per rreth vendin shkojn tue e lá, Per me trêmë bishat nper pisha","gegë"
"Ne kemi të njëjtat ndjenja dhe të njëjtën gjuhë flasim","toskë"
"Ngasin grát neper errmore, Djepat m' shpinë e fmin per dore","gegë"
"Ne nuk jemi kurrsesi as turq, as grekër, as sllavë,","toskë"
"Jo qi tham un me mend t' mija. Se edhè atý po t' ndollte ushtrija","gegë"
"Jemi vetëm arbërorë, shqipëtarë zemërtrima,","toskë"
"Njerz të lém, po, me armë në dorë, regjë në diell, cangllue në borë,","gegë"
"Mëmëdheut dhe të birit të të lartit zot në qiell!","toskë"
"Ushtrija shiptare, nga Sutjeska, âsht per rrugë kah pozicionet e reja.","gegë"
"Të na kthejnë ne në kafshë me atë shkopin e Çirçës?","toskë"
"Gjithkah ushtar, qi djegin kullat e kasolla, plaqkisin e vrasin","gegë"
"Pse të tjerve t’u shërbejë gjith kjo mendje e trimëri?","toskë"
"malazeze të ngarkueme randë me rraqe të grabituna","gegë"
"Bishave t’egra mongole, që veç dëm na kanë prurë!","toskë"
"Nji vashë që del në oborrin e shpìs dhe duket ma e hieshme se drita e natjes","gegë"
"O miq, gjaku i shqiptarit është derdhur kurdoherë","toskë"
"S’din kurgja per shka âsht tuj ndodhë, sado që Tringa shef mirë fatin, që e pret ate e vendin","gegë"
"Që të rrojn’ ata përbindsha, ata turq shkatërrimtarë.","gegë"
"Ali Pasha m' kambë âsht çue Krén e t' Parë aj ká bashkue","gegë"
"Dhe një gjë të till’ e bënë kaqë burra të dëgjuar!","toskë"
"E Shqypnin un nuk e lshoj: Nuk e lshoj, as shum, as pak","gegë"
"Ne, medet, vam’ u shërbyem turqëve, vrasësve tanë,","gegë"
"Ali Pasha m' kambë âsht çue Krén e t' Parë aj ká bashkue","gegë"
"Të kesh kaq burra në zë dhe të jesh akoma skllave!","toskë"
"Terri i natës, thonë, âsht trathtár ","gegë"
"O heronj të paharruar, u munduat kot së koti,","toskë"
"Nuk ká sosh si me shpëtue, Hasmit m' shpinë aj per m' i u lshue","gegë"
"Me të shenjtin gjakun tuaj, me armët tuaja të lara,","toskë"
"Gjithsi t' vijë në terezí, Se nuk rrnohet me bukë thatë !","gegë"
"Thue se vojtë Malcis ká hallí ,Me hi Lekët në dhé per s' gjalli","gegë"
"Se un nji punë e kam pleqnue: Na 'izèt vetët, këtu bashkue,","gegë"
"Trimat mirë tuj u shterngue Prap n' e nesert me luftue, Hylli i dritës tue vezullue.","gegë"
"Me fjalë t' mira tue e pershendetë, Si zotni qi isht' kênë vetë.","gegë"
"Njizet shokë, hekur me bré, Zânin pushkë, synin rrufé:","gegë"
"Janë tue u thá, ndoshta, per ujë; Por at fjalë mue mos m' a thuej","gegë"
"Hajrin s' na ká pá kurr shpija: Veç se vrá me Turk e shkjá","gegë"
"Ju si burra të vërtetë me zell e me zjarr luftuat,","toskë"
"Po, për fatin ton’ të keq, përfituan ca të tjerë.","toskë"
"Se s' âsht gjâ, besa, ajo fjalë. Un, zotni, n' ushtri kam dalë, Jo me turq, por me Shqyptarë","gegë"
"Arrin në majë lart i kapitur,","toskë"
"Qëndron me frikë, pret i tronditur,","toskë"
"Dhe Jehovaj i flet prej një reje","toskë"
"Me zë rrufeje:","toskë"
"Dhe u shojtën për së dyti shpresat tuaja të shenjta.","toskë"
"N'ty ma i bukur lulzon Prielli,","gegë"
"Jane ma t'kandshme stine e mot;","gegë"
"N'ty bylbyli pa le dielli","gegë"
"Kndon ma ambel t'Madhit Zot.","gegë"
"N’atë vend që ju, o trima, e çliruat aso kohe,","gegë"
"Erdhën lajkësit e turqve, bizantinë dhe romej,","toskë"
"E nami i sajë përjetë u trashigoftë!","toskë"
"Po: rrnoftë Shqypnija! E porsi krypa n'Dri","gegë"
"E porsi krandja e that n'nji flakada,","gegë"
"U shoftë me arë, me farë me mal e vrri","gegë"
"Kushdo shqyptar, qi s'brohoritë me za,","gegë"
"Kushdo shqyptar, qi s'brohoritë me uzdajë:","gegë"
"Oh! Rrnoftë Shqypnija! Rrnoftë Flamuri i sajë!","gegë"
"Mbaroi Malcija! Lekë ma sot nuk ka;","gegë"
"Nuk ka ma burra, qi, me drrasë t'krahnorit","gegë"
"Mburojë me i ndêjë Shqypnis. Anmiku shkjá","gegë"
"Mbas sodit s'ka pse dron mâ prej Malcorit:","gegë"
"Malcori asht thye; e, i dbuem ai me trathti,","gegë"
"Pa Atme sot ka mbetë, pa plang, pa shpi!","gegë"
"N'shpi t'tij, po, djepat asht tu'i lkundun shkina;","gegë"
"Arën e tij asht shkjau tu'e lavrue,","gegë"
"E ushtari i Malit t'Zi ‘dhè, kualt stervina","gegë"
"Per ata Kryqa t'bekuem i ka pengue,","gegë"
"Nen t'cillët pushojn, heu! Njata trima – rrfé","gegë"
"Qi bindën shekllin tue luftue p'r Atdhé.","gegë"
"O natë e kobshme! Natë tri herë mizore,","toskë"
"Natë e mnershme, si nata e fundit t'ferrit,","gegë"
"Pse ti shtekun ia çile ushtris gjaksore,","gegë"
"Qi, strukë nen t'zezen mblojë trathtare t'territ,","gegë"
"Burrat e dheut do t' xêtê n'gjumë pështetun,","gegë"
"Porsi n'strofull luani xêhêt fjetun?!…","gegë"
"Të varruemët prap tue mengjisë, Tue i forcue me shûjtë e bare","gegë"
"Fanarjotë dhelparakë edhe kalemxinj të ulët,","toskë"
"Komb’ i lirë, çobaxhinjtë nga qenë edhe nga s’qenë,","toskë"
"Me fjalë të tjera grekët, ata miqtë tan’ të mirë,","gegë"
"M' a ká dhânun fjalen mue, Se ket besë gadi âsht m' e vû,","gegë"
"Ngjitet përpjetë Malit të shkretë","toskë"
"Krye-Profeti trimi me fletë,","toskë"
"Të bisedonjë me Perëndinë","toskë"
"Për Palestinë.","toskë"
"S'çohet sod me armë mizore,S'lidhet sod me besë arbnore","gegë"
"Kur të më kujtosh,","toskë"
"Kur të vish të shkosh,","toskë"
"Kur të shkosh këtejza pranë","toskë"
"Që të çmallërosh","toskë"
"Dhe ju quajtën të huaj, ju thanë “palarvanites”.","toskë"
"Dhe ata mosmirënjohës, o sa keq, gërmuan varret","toskë"
"Dhe shpërndanë nëpër rrugët eshtrat tuaja të shenjta.","toskë"
"Per ma dhânë mâ para jeten,Per me shkrí mâ para veten","gegë"
"Nëno moj, mbaj zi për vllanë,","toskë"
"Me tre plumba na i ranë,","toskë"
"Na e vran' e na e shanë,","toskë"
"Na i thanë trathëtor.","toskë"
"Mjellë âsht qarrja me tagana, Me calina e me shejshana:","gegë"
"Ti po vjen që prej së largu magji-plotë e dal-ngadal.","toskë"
"Ti po vjen që prej së largu dyke shkitur mbi lendina.","toskë"
"Nënë thëmbërzat e tua përgëzohet trendelina,","toskë"
"Shtrihet luleja mitare e zembakut qe t’ u fal.","toskë"
"Vetëm rastësisht një herë ata shprehën të vërtetën","toskë"
"Se vërtet jeni shqiptarë dhe porsi të huaj jeni.","toskë"
"Plum me t' dekun janë e t' mbetun, E as s' po mundet kush me u gjetun","gegë"
"Si Me Mat Shqypnin e Ngrat","gegë"
"Rri e perplasu nper ledinë: Perplas kambë e perplas duer","gegë"
"Të ushqesh në gji një gjarpër të helmuar, të pabesë,","toskë"
"Dhe të bëjë çmos ngahera si e si të të helmojë.","toskë"
"Ç’doni ju nga Shqipëri? Grekër, me siguri doni","gegë"
"Kah vjen shpirti per me dalë! Ty, o Zot, të kjoshim falë:","gegë"
"Që të vrisni djemt’ e Piros fshehurazi me një tjegull.","toskë"
"Po të rremat, djallëzitë, asnjëherë s’japin fryte.","toskë"
"Randë shosho'in varrue per dekë Tue dhânë shpírt e ashtû tue hjekë","gegë"
"Kush kërkon që të këmbejë kombësin’, gjuhën e mëmës,","toskë"
"Të mohoj’ atdhenë, ndjenjat, ai do të jetë kafshë.","toskë"
"Ti qi e vjeter kè qillue E m' i vjen tokës rreth e okolle","gegë"
"Si? Ju duket e arsyeshme, o filiza të Sokratit?","toskë"
"Dhe a është, vall’, e mundur të harrojë komb’ i tërë","toskë"
"Gjuhën e tij amëtare, t’i humbasë që të gjitha?","toskë"
"Mbas shum rruge kapet tek nji kullë, rrethue me ara","gegë"
"Dhe të qaj me mall të rëndë poshtë teje pa pushim,","toskë"
"Poshtë fillit të poleskës ku do shkeli kamba jote.","toskë"
"Të të shtroj nga dhëmbja ime një cudi prej pikash lote,","toskë"
"Një pluhurë të përvajshme vetëm dhëmbj’ e dëshirim.","toskë"
"Të m’ a shkelish hije- letë ! të m’ a shkelish mes për mes !","gegë"
"Të të shoh si më lekundesh me sy fjetur e fatuar,","toskë"
"Brënda lotëve të mija të të shoh të pasqyruar,","toskë"
"E pastaj le të venitem, le të hesht e le të vdes.","toskë"
"Fjalët ua mbuloft’ harresa, posht’ e rrema, djallëzia!","toskë"
"Nuk u bâhet shpírt me dhânë Njâni tjetrit pa i a zânë","gegë"
"Kur në flakë të qiririt zë mendonem net-për-net","toskë"
"Dh’e ndjej shpirtin e kulluar nëpër dritën që më tret","gegë"
"Prej skëterrës se pa matë më del bot’ e ëndërruar,","toskë"
"vetëm ti, o im-e dashur net-për-net më rri larguar","toskë"
"u kë quani si trima patriotë, kë nderoni,","toskë"
"Po çdo ëndërr që më shfaqet prej skëterrës së pafund","toskë"
"çdo mendim i llaftaruar që më dhemb e më përtund,","toskë"
"Duke rënë prej së lartash posi pikë zemërate","toskë"
"T’i përshkohet për-së-thelli bukuris’ së qenies sate.","toskë"
"T’i përshkohet mes-për-mesi dlirësis’ së shpirit tënd,","toskë"
"Ta merr pamjen e fytyrës, bëhet shkronjëz e kuvend.","toskë"
"Ai del prej shkretëtire ment’ e mi të m’i stolisë","toskë"
"E ka tingull llaftarie, ka verbimin e magjisë,","toskë"
"Djallin që tradhton atdhenë nuk e do as mëma vetë.","toskë"
"T'msuem per Mbret me dhânun jeten,T'msuem per vend me shkrî atà veten","gegë"
"Se shka Knjazi ish' tue ligjrue Per Shqypní e per Shqyptarë","gegë"
"Gjallë as dekë s'po mûjm m'e zânë,Me gjithkta nuk do me thânë, Se na s'e pushtojm Shqypnín","gegë"
"A nuk është mëmëdheu më i dashur, i nderuar,","toskë"
"Nga çdo gjë e mir’ në botë, nga prindët e farefisi,","toskë"
"Nga fëmijët dhe nga miqtë? A ka ndjenjë më fisnike","toskë"
"Kû kan lé e kû jânë perkundun,Prej kah shk'' llin e kan tundun","gegë"
"Po âsht nji nieri qi e man bukaN'mos e mârrët pushka e kurrkue","gegë"
"Se ndjenj’ e atdhetarisë edhe se ndjenj’ e lirisë?","toskë"
"Si? Qenkemi ne grekër? Jo, më falni! Jemi vetëm","toskë"
"Alvanitër, miq të dashur, jemi vetëm shqipëtarë.","toskë"
"Çdo gjë tjetër është sharje, fyerje dhe blasfemi.","toskë"
"Të ndërrojmë emrin tonë kombëtar? Mos qofë thënë!","toskë"
"Ashtu si fjala grek është për ju e shtrenjtë, e dashur,","toskë"
"Dhe për ne fjala shqiptar është e shenjtë dhe e çmuar.","toskë"
"Nëse thoni që edhe ju jeni, gjithashtu, pellazgë,","toskë"
"Dihetë se pellazgjikë janë kaq e kaë kombe:","toskë"
"",""
"",""
"",""
"",""
"",""
"",""
"",""
"",""
"",""
"",""
"",""
"",""
"",""
"",""
"",""
"",""
"",""
"",""
"",""
"",""
"",""
"",""
"",""
"",""
"",""
"",""
"",""
"",""
